VehicleID,Speed,EngineTemperature,FuelLevel,Timestamp
V004,30.054102222589087,116.03296274809256,17.458933778334153,2025-01-01 00:00:00
V003,98.2981372829467,100.17578209937069,96.470448447749,2025-01-01 01:00:00
V003,74.03994977435704,78.01632017580737,29.045351910856244,2025-01-01 02:00:00
V004,38.85531566527327,92.17534960214508,98.70575365325428,2025-01-01 03:00:00
V002,81.2829733773942,101.42506570398821,71.46345050218052,2025-01-01 04:00:00
V002,88.81350505900016,71.94308918595131,88.54164534612272,2025-01-01 05:00:00
V002,62.06950112750769,119.80213999955359,85.94773559399886,2025-01-01 06:00:00
V001,55.05430147215482,95.76985714047613,75.97519280548369,2025-01-01 07:00:00
V003,100.08863848112114,117.67071398725744,10.938218249780917,2025-01-01 08:00:00
V004,67.01884991915009,75.7311495736707,26.574540663255544,2025-01-01 09:00:00
V003,119.84411557374355,84.17736623854928,36.09078517148936,2025-01-01 10:00:00
V005,30.519924745652265,72.57914044197709,14.083691873396484,2025-01-01 11:00:00
V003,64.4853035497372,87.91648117575389,84.52733491507702,2025-01-01 12:00:00
V002,84.57866249836485,112.72296017854092,62.90913643660383,2025-01-01 13:00:00
V001,43.268378423678904,79.41164559164874,45.78898222534063,2025-01-01 14:00:00
V003,67.94952488734044,84.5704611170415,42.00250584287393,2025-01-01 15:00:00
V001,59.06080950620985,106.12273448673677,79.17577603316272,2025-01-01 16:00:00
V003,111.3184094175186,114.72807665445742,78.00863392568196,2025-01-01 17:00:00
V001,63.556763262445266,81.48106106931534,66.71071221135989,2025-01-01 18:00:00
V004,44.941974468659254,111.73850379800913,18.423312914302336,2025-01-01 19:00:00
V005,89.12752426589688,71.44914333960091,34.70988651355598,2025-01-01 20:00:00
V002,63.87551332012507,114.89139005788412,90.57049962674245,2025-01-01 21:00:00
V002,40.11643673176171,116.9491779433921,81.93030231668422,2025-01-01 22:00:00
V002,67.24566395211349,103.51388048493487,63.61560728676549,2025-01-01 23:00:00
V005,82.2814724602741,75.17021386844254,41.953561801477846,2025-01-02 00:00:00
V001,44.92927384426906,86.75902182717792,61.974707037405686,2025-01-02 01:00:00
V003,97.52234167782828,106.73654875047416,77.75642397207545,2025-01-02 02:00:00
V001,96.91107837755465,107.83365430413754,82.19832614716398,2025-01-02 03:00:00
V002,82.65032803477007,113.20307071187537,49.979547241702114,2025-01-02 04:00:00
V005,116.35118875666959,117.78846137852305,37.00609345600702,2025-01-02 05:00:00
V005,94.52022614841957,81.57812673374434,72.48255411500367,2025-01-02 06:00:00
V005,115.37368383382534,73.53029897403049,22.734129198894394,2025-01-02 07:00:00
V001,87.09181479859663,94.4495909299746,33.16634762411053,2025-01-02 08:00:00
V001,90.66101389185935,92.35858979871682,55.18208488036742,2025-01-02 09:00:00
V003,33.73239866142528,75.48933253515145,57.4993347622662,2025-01-02 10:00:00
V001,117.75273982507605,105.86604149117116,93.67357944753786,2025-01-02 11:00:00
V002,37.84050696852744,95.2326639025691,38.97700401444152,2025-01-02 12:00:00
V003,81.34240333393934,95.52778867656136,33.21055675009924,2025-01-02 13:00:00
V004,36.10214542310487,111.05628902998033,92.46375512093452,2025-01-02 14:00:00
V003,100.07653834002667,95.68631245537524,30.03443515625802,2025-01-02 15:00:00
V004,113.94118503792839,106.72265997615622,61.076514245550996,2025-01-02 16:00:00
V002,79.13982573879187,103.62625599325024,62.288153880819976,2025-01-02 17:00:00
V005,110.187415228424,96.54690511219563,96.11466909001773,2025-01-02 18:00:00
V001,31.858309273746254,88.63640548828235,76.94102557213691,2025-01-02 19:00:00
V004,39.561964217336225,74.75074723673652,34.74427408547471,2025-01-02 20:00:00
V002,96.12038484587562,116.43920334150533,96.86802282233582,2025-01-02 21:00:00
V001,46.64235878559351,109.05713867258596,54.87144083830597,2025-01-02 22:00:00
V001,67.64339354432252,100.92588346124663,49.94211238050164,2025-01-02 23:00:00
V001,74.78919244958374,104.80571598856989,22.676006251191854,2025-01-03 00:00:00
V005,30.911436058902908,86.77684237882615,99.39367694740517,2025-01-03 01:00:00
V003,65.54784964306009,114.79654306860137,80.83644865375396,2025-01-03 02:00:00
V002,112.90066446626986,119.86771352642215,60.887312659488245,2025-01-03 03:00:00
V001,111.49830586304897,77.14713920667627,50.25910040182946,2025-01-03 04:00:00
V001,93.59791120426242,81.65585948868909,22.356396040318252,2025-01-03 05:00:00
V001,100.08722798770015,98.11429027401213,33.03272066959414,2025-01-03 06:00:00
V001,31.205482987960785,85.94481549748295,16.779023921001116,2025-01-03 07:00:00
V002,67.0767355203808,95.07804330391045,87.63575166391738,2025-01-03 08:00:00
V004,40.07774525938957,113.3786315959963,45.9068615826991,2025-01-03 09:00:00
V001,90.76631697472371,105.80121006286451,52.283688333263996,2025-01-03 10:00:00
V005,63.49117173816257,78.7508249724445,30.780847034277592,2025-01-03 11:00:00
V003,33.2641022836503,83.1407814307416,52.634072690141245,2025-01-03 12:00:00
V001,110.74600897410755,83.80550937192656,85.00342516595177,2025-01-03 13:00:00
V005,37.41472035816337,103.44931963137226,96.36878629733319,2025-01-03 14:00:00
V003,114.54332233541322,88.67496528539947,28.83910262165932,2025-01-03 15:00:00
V004,33.13475492351067,85.13582273351052,42.48350595669962,2025-01-03 16:00:00
V005,93.4651987350739,111.55204619304561,47.031668310685795,2025-01-03 17:00:00
V001,51.38389423356412,97.8017885604211,79.1668505030275,2025-01-03 18:00:00
V003,95.68292433391088,117.13909239365267,70.1475277895749,2025-01-03 19:00:00
V002,74.54691890596831,79.4652823235467,73.42280975056623,2025-01-03 20:00:00
V005,115.4713741003475,96.21386030674378,32.211426501560666,2025-01-03 21:00:00
V002,92.52112154746382,103.8690653169196,85.49072520751919,2025-01-03 22:00:00
V003,98.39758798559289,107.95240598760674,96.94029770521497,2025-01-03 23:00:00
V003,73.83682200295513,108.8357448831872,54.84955877950789,2025-01-04 00:00:00
V001,48.943834189258695,110.82803072637827,21.326336339431236,2025-01-04 01:00:00
V003,115.91202384444914,112.67913993968426,64.4148452485197,2025-01-04 02:00:00
V002,74.90471490091312,81.10876932124302,77.65442451243763,2025-01-04 03:00:00
V001,68.12251521160661,110.52559318005545,83.0046262387761,2025-01-04 04:00:00
V004,58.218955124978436,108.00752571893142,99.48999501879135,2025-01-04 05:00:00
V005,72.03094176054523,71.0644089129834,88.67583149810666,2025-01-04 06:00:00
V002,52.66523926206028,95.58133221462504,60.52994515480012,2025-01-04 07:00:00
V003,90.86533603902113,77.55662088304729,76.64108192488456,2025-01-04 08:00:00
V002,86.63014644787756,103.40190707207032,70.58089912579587,2025-01-04 09:00:00
V003,46.52179739477366,84.74455284347749,96.50113904132755,2025-01-04 10:00:00
V002,103.45677168347284,87.91687885433551,41.65741377789103,2025-01-04 11:00:00
V001,114.48923184135914,70.51699961515132,84.98624392685761,2025-01-04 12:00:00
V005,83.66715104803711,103.4904339149221,65.22146204298156,2025-01-04 13:00:00
V003,95.16239034687413,106.75202680418816,20.906253156702356,2025-01-04 14:00:00
V004,63.60722801986484,117.67788396442197,40.00827509735779,2025-01-04 15:00:00
V001,69.47056573030613,99.70637469811979,27.711203927891205,2025-01-04 16:00:00
V004,100.01227367061092,102.88512447772584,15.02670857922367,2025-01-04 17:00:00
V001,87.3637819176748,98.65549796516864,83.00041797758158,2025-01-04 18:00:00
V004,114.11976978063008,98.54720089125107,30.001564567513814,2025-01-04 19:00:00
V002,115.72078832808177,98.80747417582187,23.102765734190587,2025-01-04 20:00:00
V004,47.24746953167685,103.08142220793366,35.90217097248962,2025-01-04 21:00:00
V001,81.6300322223752,111.70175723551212,70.21956226163272,2025-01-04 22:00:00
V004,99.70951646088287,111.84401819858371,71.05320826778167,2025-01-04 23:00:00
V005,96.5669619836465,79.0104748129089,82.57259881610547,2025-01-05 00:00:00
V004,119.03164381257525,71.56522323147014,30.06390194238203,2025-01-05 01:00:00
V004,76.30203436500193,107.39687961554574,76.42926518775647,2025-01-05 02:00:00
V003,108.56977980250925,82.14380298174908,69.70132333633569,2025-01-05 03:00:00
V003,54.222579569626106,80.28583013895323,34.28693521589376,2025-01-05 04:00:00
V002,39.59954810775976,84.07314568731543,36.11730017389816,2025-01-05 05:00:00
V004,71.41456102375861,110.82593922651354,21.362788312796265,2025-01-05 06:00:00
V005,101.89550582454251,76.23821305828025,89.27303339905535,2025-01-05 07:00:00
V001,79.95843974057563,114.08480042195225,14.384883717376091,2025-01-05 08:00:00
V004,61.32221344859346,76.98173922424077,38.98659036109784,2025-01-05 09:00:00
V002,102.283507454123,97.04705288291228,43.01250070595549,2025-01-05 10:00:00
V003,63.44218174836289,90.17301756130753,10.134671767079912,2025-01-05 11:00:00
V005,79.85296470518102,73.92908237741031,34.53886993323752,2025-01-05 12:00:00
V003,108.66444795967378,114.37211909106183,26.788587515252157,2025-01-05 13:00:00
V004,74.52467446413058,81.75803940543035,91.35839681709928,2025-01-05 14:00:00
V002,86.09527250325434,102.99350833502001,88.03180883429233,2025-01-05 15:00:00
V001,71.45881018672014,118.01785418998456,29.34489950702687,2025-01-05 16:00:00
V002,48.73777333175359,87.11017615910089,16.39892977553873,2025-01-05 17:00:00
V004,32.34191645172168,93.41287006005913,68.31656942928308,2025-01-05 18:00:00
V005,57.93085675494725,79.63887894884476,40.74635510519649,2025-01-05 19:00:00
V003,32.72470475038419,96.37897671394316,55.018209644050664,2025-01-05 20:00:00
V004,77.51047860105638,96.66566344962828,67.46572279494528,2025-01-05 21:00:00
V001,116.11585827922416,98.58080716999709,85.44102888257882,2025-01-05 22:00:00
V004,67.95795152563346,88.53969433981979,54.17881745019892,2025-01-05 23:00:00
V002,70.15027166006084,77.19202215036557,86.93983320725913,2025-01-06 00:00:00
V004,50.20702268772905,100.58976589928233,61.32156978431771,2025-01-06 01:00:00
V004,116.06476423288943,81.1563413510847,72.61108172834363,2025-01-06 02:00:00
V001,61.30800057807184,90.63581496486472,14.235928721349552,2025-01-06 03:00:00
V003,63.84328780495787,96.8888771659799,87.10028012017833,2025-01-06 04:00:00
V001,80.28513328714278,117.2121849347179,23.351128575319557,2025-01-06 05:00:00
V005,66.4197492130011,72.25896914984443,36.46151172749213,2025-01-06 06:00:00
V001,56.64935029844789,118.15376569311016,82.7918306146578,2025-01-06 07:00:00
V002,45.269495001959626,80.32456184378736,74.44877406190888,2025-01-06 08:00:00
V002,104.64033469790348,72.90865142837019,80.05589689943172,2025-01-06 09:00:00
V004,107.1406271817332,74.31003904406313,59.885050724230574,2025-01-06 10:00:00
V003,89.11158758096855,114.80287293007092,45.809254400841084,2025-01-06 11:00:00
V005,94.47059270672139,111.578173000307,89.87033863358236,2025-01-06 12:00:00
V004,114.46495947671468,114.27563696263758,38.60974669960496,2025-01-06 13:00:00
V003,84.52881286515782,96.72587687093662,13.718467745206855,2025-01-06 14:00:00
V004,59.23876465098455,110.57673851554992,95.57404097085069,2025-01-06 15:00:00
V002,37.97492763786689,98.80894648810445,19.81988115705272,2025-01-06 16:00:00
V002,95.91208758544043,71.74688339414061,74.49737994696865,2025-01-06 17:00:00
V004,40.85031375328657,70.14895080849146,51.43769255878053,2025-01-06 18:00:00
V002,93.20483105325661,103.73438597726442,28.358761411737113,2025-01-06 19:00:00
V002,76.48326774316882,101.58118114335181,42.30278353200411,2025-01-06 20:00:00
V001,44.22413262314886,106.49515197378508,26.89571677124409,2025-01-06 21:00:00
V003,48.86139441419954,74.07764117036406,35.43675880624893,2025-01-06 22:00:00
V003,54.2478310532405,83.17129634120904,60.608869912393786,2025-01-06 23:00:00
V004,53.10002715732478,109.14005576364528,21.215404547379965,2025-01-07 00:00:00
V001,95.71747368142996,118.64983171384404,32.28968326480133,2025-01-07 01:00:00
V004,78.07759204718383,106.89081972353392,25.432407325979124,2025-01-07 02:00:00
V004,63.294917931596174,90.60657271973288,88.82134823629784,2025-01-07 03:00:00
V004,43.301387128507656,71.49760354346839,57.35151971450443,2025-01-07 04:00:00
V002,75.48340131729915,110.78033463065195,50.858859433662786,2025-01-07 05:00:00
V005,84.83816882148633,115.05391297259789,60.740500928609514,2025-01-07 06:00:00
V004,30.612131173675014,99.88298569539278,97.61245816092055,2025-01-07 07:00:00
V001,82.82748826021034,89.5952406533014,10.367130643167851,2025-01-07 08:00:00
V003,89.63070763795797,95.06968215252067,44.53481976332073,2025-01-07 09:00:00
V001,37.451087864201895,81.4432564841216,25.57039002431193,2025-01-07 10:00:00
V002,101.00410388551589,99.88319691271742,69.11023566144002,2025-01-07 11:00:00
V001,93.3624709724368,94.39636047060992,11.096966911845806,2025-01-07 12:00:00
V004,103.06463002505996,100.79074379566985,83.71793119095308,2025-01-07 13:00:00
V005,104.08404316777248,86.96671652508378,54.766211222337034,2025-01-07 14:00:00
V003,99.92561346451745,72.08016957227751,87.590329212558,2025-01-07 15:00:00
V005,103.69594607128073,82.4600279879891,26.49676902032986,2025-01-07 16:00:00
V001,109.22429981445461,80.63030971510837,86.33289575880653,2025-01-07 17:00:00
V003,69.54117200896438,111.21012744337379,84.59242301678685,2025-01-07 18:00:00
V005,46.884860304541554,99.35085654328573,53.46598872285066,2025-01-07 19:00:00
V001,51.71063529976669,98.24016303505137,61.24513117368321,2025-01-07 20:00:00
V002,102.46498615057094,83.10694284476526,55.011361942356,2025-01-07 21:00:00
V004,70.85864870603527,108.18574575585629,25.35183275338116,2025-01-07 22:00:00
V001,97.71663737231316,96.84543401050271,85.14211753926101,2025-01-07 23:00:00
V002,59.44753279035122,91.52463748430019,91.95178834420567,2025-01-08 00:00:00
V004,113.41755146225736,119.05421946155163,41.26321126748726,2025-01-08 01:00:00
V004,74.58534677789123,80.12791826120281,24.670215913593715,2025-01-08 02:00:00
V003,70.66014154604488,84.81530641535376,35.114731842468295,2025-01-08 03:00:00
V005,56.87635758812846,105.9084293045255,41.25986298988053,2025-01-08 04:00:00
V002,43.84163455496159,83.52565246648689,34.57557853985418,2025-01-08 05:00:00
V001,92.86084674910252,73.61770298699429,94.74678416432275,2025-01-08 06:00:00
V001,117.19758042799597,95.80632749656935,22.95023085874154,2025-01-08 07:00:00
V001,83.1620474127867,91.46925125964582,20.163181827352595,2025-01-08 08:00:00
V004,78.70355653930514,103.49264350021363,36.67196565555086,2025-01-08 09:00:00
V004,46.928272144049984,74.63393152628078,17.25350745161657,2025-01-08 10:00:00
V001,49.92525865577227,85.7874573730088,96.74496599208719,2025-01-08 11:00:00
V001,110.74029189568154,100.96600874216038,28.682387857412426,2025-01-08 12:00:00
V004,107.99830505224568,93.24814307923694,93.3972787471124,2025-01-08 13:00:00
V005,64.60771335806473,86.9885437005613,99.00626921362586,2025-01-08 14:00:00
V001,69.27591850584966,99.75088479367321,42.22598052438174,2025-01-08 15:00:00
V005,86.88146910920813,116.32284706914291,32.86429449418062,2025-01-08 16:00:00
V003,102.53934164477553,78.08616528435837,64.20351643257224,2025-01-08 17:00:00
V004,43.48549193827214,84.15466355376353,48.80936982140995,2025-01-08 18:00:00
V003,62.70836516284696,115.78666638722746,54.53633853964832,2025-01-08 19:00:00
V002,93.52787508954881,96.23685982573919,17.78332911416284,2025-01-08 20:00:00
V002,67.66179885118025,83.21738987835722,60.56042024218957,2025-01-08 21:00:00
V001,41.07841953550402,83.75904037979555,11.236403050540677,2025-01-08 22:00:00
V001,78.74496474286289,76.86792127340621,87.05524344865925,2025-01-08 23:00:00
V002,109.34118336674251,81.90759759889265,61.12343686285568,2025-01-09 00:00:00
V005,41.539732344448964,106.22780984537415,84.90482668042905,2025-01-09 01:00:00
V005,33.80140707169495,99.27047787875802,51.236619320087826,2025-01-09 02:00:00
V002,112.8102360760371,71.98626691310002,70.03792812698173,2025-01-09 03:00:00
V005,107.8752271865565,89.65815912463329,31.880343541338902,2025-01-09 04:00:00
V002,34.589187681943685,106.9735210844539,78.33960327093057,2025-01-09 05:00:00
V003,45.75304449793771,119.23692305634114,50.92154488817035,2025-01-09 06:00:00
V004,96.04281445645506,82.644788772845,80.30594390381356,2025-01-09 07:00:00
V005,102.82093522882143,73.08861038039355,67.71946197353817,2025-01-09 08:00:00
V002,91.22528291262658,83.09481699490851,56.51166749637821,2025-01-09 09:00:00
V004,50.2884823495544,72.97754544859238,32.10513717487376,2025-01-09 10:00:00
V005,114.27217350870347,93.82036555894703,10.396105681264226,2025-01-09 11:00:00
V002,76.32958968963408,108.17424604001977,12.767988199073733,2025-01-09 12:00:00
V002,108.1426043223087,91.86505252099263,43.747279977988164,2025-01-09 13:00:00
V003,117.09937847542416,110.84348284307563,83.76161841870248,2025-01-09 14:00:00
V005,56.400420335466904,80.37805437384688,84.72846877649235,2025-01-09 15:00:00
V004,74.08000616000398,103.24131864928106,41.514951207452825,2025-01-09 16:00:00
V005,68.5299026216418,79.43184892053388,34.66627104373041,2025-01-09 17:00:00
V002,73.28143395330588,90.9897773334841,73.40134157470146,2025-01-09 18:00:00
V005,83.67459116038646,102.75518390768015,55.37168574145184,2025-01-09 19:00:00
V004,93.07919457344622,84.06924720478855,52.29251891693019,2025-01-09 20:00:00
V003,109.07505154870184,102.60463636007378,93.04331154539337,2025-01-09 21:00:00
V005,85.96262424465083,79.95229156435632,62.12175648840561,2025-01-09 22:00:00
V004,55.61483139170903,80.83406827576687,81.73662057951154,2025-01-09 23:00:00
V002,82.1256424372713,97.75266727151472,52.9738542888071,2025-01-10 00:00:00
V004,114.45464868940779,71.26337135830332,90.61508771587447,2025-01-10 01:00:00
V004,84.13550018164867,102.22539229175634,17.002283758112853,2025-01-10 02:00:00
V003,112.53943494355532,93.8957764935498,55.029093392152575,2025-01-10 03:00:00
V004,48.70830687579296,114.1483792899845,29.39281906439685,2025-01-10 04:00:00
V005,75.63113207242222,118.5341378859253,74.89614685605363,2025-01-10 05:00:00
V005,64.98965066635202,108.74986731514866,15.018262349301743,2025-01-10 06:00:00
V001,38.55813433650868,77.00078870130822,45.22120713538518,2025-01-10 07:00:00
V004,53.887676842821676,113.269442455209,19.390018483514044,2025-01-10 08:00:00
V004,39.42827110294475,101.39310046131732,73.3406964062828,2025-01-10 09:00:00
V001,90.72262645529767,73.28295831217125,89.59482493346468,2025-01-10 10:00:00
V002,119.26466285191171,101.1658189652405,84.77060537119365,2025-01-10 11:00:00
V005,111.35977739904065,93.35880513297316,34.90685460638535,2025-01-10 12:00:00
V005,76.99419194311582,91.79354952627935,33.581601784837275,2025-01-10 13:00:00
V005,50.899307878998854,80.80873494612351,73.3667553641953,2025-01-10 14:00:00
V001,115.61725293964749,119.38609352262044,85.22637216366424,2025-01-10 15:00:00
V003,61.87864247528496,109.79270445195681,12.656232926093766,2025-01-10 16:00:00
V003,117.69146225259132,119.92643322765807,55.326331421161505,2025-01-10 17:00:00
V004,48.54039913772546,83.99629263892487,25.785400974253374,2025-01-10 18:00:00
V001,114.10873874381367,90.11817081059917,15.045467870552198,2025-01-10 19:00:00
V002,48.90480079821951,85.37309669339989,88.83484157075951,2025-01-10 20:00:00
V005,115.22530546774064,97.271170725308,91.48006934168006,2025-01-10 21:00:00
V004,110.98151405945052,81.04265223184107,37.37791420055609,2025-01-10 22:00:00
V003,41.72690700688402,85.76888607902382,28.92533661467964,2025-01-10 23:00:00
V002,59.11660604548909,111.4964772205811,82.42422727356636,2025-01-11 00:00:00
V004,80.48414224127893,107.76041629961159,92.59520163193068,2025-01-11 01:00:00
V001,54.46596679117672,85.34900372352669,70.2373925322525,2025-01-11 02:00:00
V002,48.73367495336173,88.56026620553071,19.761725790014037,2025-01-11 03:00:00
V005,96.0004211433319,75.4560735261951,39.21346356716092,2025-01-11 04:00:00
V003,37.44717348628316,103.57272279374284,37.84402296006674,2025-01-11 05:00:00
V003,112.58456757757659,97.06925280383815,58.38811276009902,2025-01-11 06:00:00
V002,102.45690061594398,82.51459115030583,32.39269017206682,2025-01-11 07:00:00
V004,40.60152782363588,80.92126743355026,44.25711118615104,2025-01-11 08:00:00
V002,76.00604833780551,88.54604207569581,78.03769979794687,2025-01-11 09:00:00
V003,72.71497450617835,79.5723240704333,36.74938674199229,2025-01-11 10:00:00
V005,59.74177279324797,114.3403764139587,83.72965895573849,2025-01-11 11:00:00
V005,51.119306648140125,117.44042253254452,30.92874786318789,2025-01-11 12:00:00
V002,56.39706029003504,108.6853621393733,94.16142403256559,2025-01-11 13:00:00
V002,61.78683483695488,102.23758035391924,38.29810233316739,2025-01-11 14:00:00
V003,72.55424554163514,85.30416479126221,86.88651392425199,2025-01-11 15:00:00
V005,106.55143419214122,92.17464007525803,32.974775989493054,2025-01-11 16:00:00
V002,36.93534983766912,104.58508754150778,25.300364920333955,2025-01-11 17:00:00
V003,99.96669995121574,72.84719924876046,38.946947183371734,2025-01-11 18:00:00
V003,64.79342853472527,74.05683850148044,57.983473216311516,2025-01-11 19:00:00
V001,89.61266367240606,70.5132914287195,28.891754900417336,2025-01-11 20:00:00
V005,37.634320790968275,106.72005121928505,65.13971049370784,2025-01-11 21:00:00
V001,87.24150603329997,118.0594903871793,92.144402949745,2025-01-11 22:00:00
V003,93.91032456024925,75.57791099046008,77.26114131115412,2025-01-11 23:00:00
V002,116.84507704732007,88.37958858949085,14.546846393444197,2025-01-12 00:00:00
V005,53.72221486148899,71.66943207592574,47.244564427611735,2025-01-12 01:00:00
V005,79.53796847344836,86.73544601562214,69.3416944356634,2025-01-12 02:00:00
V005,69.7954603574595,116.94500947572644,10.1219536908185,2025-01-12 03:00:00
V004,80.30358600955002,117.20672634251844,70.38609861317401,2025-01-12 04:00:00
V005,116.63992284531027,76.40314536674195,99.99966493897122,2025-01-12 05:00:00
V002,118.44173778727921,110.89069891816126,93.78506318136688,2025-01-12 06:00:00
V005,103.8106331509442,113.93253434354091,56.500469054225604,2025-01-12 07:00:00
V005,80.11799316755105,78.1490000345802,44.574475397479524,2025-01-12 08:00:00
V005,48.79207477216168,119.44201069145508,22.68061322968071,2025-01-12 09:00:00
V002,30.034082153341252,119.85910900364797,25.800258032480237,2025-01-12 10:00:00
V004,43.56395053569658,80.09674353970547,47.75971160680919,2025-01-12 11:00:00
V002,86.32858521152733,77.33371208609961,78.22974469723054,2025-01-12 12:00:00
V002,91.40235043405764,106.73218842784564,42.640703976581634,2025-01-12 13:00:00
V003,40.42707393744063,101.01572968078081,50.40441820786203,2025-01-12 14:00:00
V004,117.93111747781595,75.49966691294432,35.25426134420678,2025-01-12 15:00:00
V002,48.5371377427991,106.75139822708363,73.89319866393578,2025-01-12 16:00:00
V005,86.60358589725715,97.20643819122242,74.9161218071285,2025-01-12 17:00:00
V005,44.00067885120314,77.77170973448992,46.65609540552455,2025-01-12 18:00:00
V003,34.6733778285864,106.8604668674051,62.537735700225134,2025-01-12 19:00:00
V005,70.29984636201758,111.89349030906692,71.74407328733108,2025-01-12 20:00:00
V003,85.83881663846691,81.06116762800235,56.543022378146915,2025-01-12 21:00:00
V005,106.71897439343059,119.96575668647978,47.78320763412739,2025-01-12 22:00:00
V005,51.99603952069259,104.94546013662837,49.71807360912925,2025-01-12 23:00:00
V003,47.02649642191315,82.66823595032507,46.290740801105265,2025-01-13 00:00:00
V004,87.33050503471057,104.29365135026407,58.45344001394629,2025-01-13 01:00:00
V005,62.12701103177922,92.77071375055101,31.111362977546882,2025-01-13 02:00:00
V004,70.46276695191432,77.95604198821269,55.86072513078969,2025-01-13 03:00:00
V001,46.34308476028356,117.97808888913214,49.95638280191507,2025-01-13 04:00:00
V005,47.58000165712129,98.1839659693097,16.360190996586397,2025-01-13 05:00:00
V003,45.63593062996274,117.47600890997111,80.20313184045139,2025-01-13 06:00:00
V001,83.51910045180614,89.26484728535013,18.659185644984746,2025-01-13 07:00:00
V002,79.52137811701088,103.84068949690914,19.17901841981795,2025-01-13 08:00:00
V001,71.68089410844236,85.97698618831213,62.10541304312101,2025-01-13 09:00:00
V005,117.49953327554545,111.36069984883,39.116532622721934,2025-01-13 10:00:00
V003,99.12738184701547,106.48157685601,81.87100496206824,2025-01-13 11:00:00
V005,64.85478157462342,112.12864300933276,65.81576845872672,2025-01-13 12:00:00
V002,98.76364945462942,93.13295977820101,46.497202029907896,2025-01-13 13:00:00
V001,68.08003901602152,89.07933840806359,32.052446416018284,2025-01-13 14:00:00
V003,118.82386397725995,78.18254914180298,45.01917192214957,2025-01-13 15:00:00
V001,119.6497740781056,98.31917245176061,67.71332225371495,2025-01-13 16:00:00
V002,93.71411501813914,106.22842374237206,15.081732849653754,2025-01-13 17:00:00
V003,81.50208127606774,109.83386418901658,26.829994729218665,2025-01-13 18:00:00
V005,44.312274881291586,70.44813531614378,30.74481688388819,2025-01-13 19:00:00
V001,111.15428554751266,79.34464221678954,83.74402029712508,2025-01-13 20:00:00
V004,38.03260672278582,71.75896334277958,84.2894443088541,2025-01-13 21:00:00
V002,87.49616047578462,97.63083421566529,68.42397230012887,2025-01-13 22:00:00
V005,105.4021745782625,117.20331557747218,78.25912229479906,2025-01-13 23:00:00
V001,70.81549841107508,74.18390887330662,40.52129619542499,2025-01-14 00:00:00
V005,99.28492601135615,96.02780441287139,94.26108980361505,2025-01-14 01:00:00
V004,119.10422320112517,98.15952517994843,26.732606967024612,2025-01-14 02:00:00
V002,95.14848738966148,109.51542352351171,36.872503336243454,2025-01-14 03:00:00
V002,75.60379613700272,79.71165126844292,47.79046180227912,2025-01-14 04:00:00
V001,87.75616425349773,70.19373297308138,66.1597101267174,2025-01-14 05:00:00
V005,100.1805541009568,91.28838339914995,98.06459572326365,2025-01-14 06:00:00
V005,48.492351716549585,111.30739896824579,52.40884553382882,2025-01-14 07:00:00
V004,92.59557473964117,109.42684803527104,12.828980672627695,2025-01-14 08:00:00
V001,97.5831012403986,71.50219068039321,77.74325488954412,2025-01-14 09:00:00
V005,107.39958382066317,119.68954096812575,15.494144091360205,2025-01-14 10:00:00
V003,74.60084131075723,108.58690388920209,39.490342244907204,2025-01-14 11:00:00
V003,77.28449918657212,90.57453052054387,17.980234683006387,2025-01-14 12:00:00
V004,73.9099595506622,88.22751505944328,43.330955290636105,2025-01-14 13:00:00
V004,103.28501398707877,74.71572664164255,19.696433731754933,2025-01-14 14:00:00
V002,93.67160063502357,109.55108237666434,97.37968013092222,2025-01-14 15:00:00
V003,95.38474775437514,70.08130567448009,30.587111479869574,2025-01-14 16:00:00
V005,77.02845023823842,84.2783980578667,35.245459204452914,2025-01-14 17:00:00
V004,102.44363028567624,70.94948677620684,26.5239266042262,2025-01-14 18:00:00
V004,117.71530960425487,98.17780080125718,41.07590586341685,2025-01-14 19:00:00
V005,92.86607253299591,108.40029756801157,46.721308008349666,2025-01-14 20:00:00
V001,96.27025445612665,89.206937016951,90.49655813556556,2025-01-14 21:00:00
V002,95.22662010201816,99.35419505168392,58.656642131965064,2025-01-14 22:00:00
V003,36.95498345460237,118.15187593075053,66.48951105360382,2025-01-14 23:00:00
V005,86.61683027381248,110.22942102472257,50.258638470018845,2025-01-15 00:00:00
V001,46.32861649251997,118.34208098582288,35.895925631268156,2025-01-15 01:00:00
V001,35.308613661546886,78.13030035294287,42.36874734751673,2025-01-15 02:00:00
V004,86.2424830039597,91.0568234200139,18.21519408172665,2025-01-15 03:00:00
V002,53.52890147393877,74.1887705282731,60.483404918143336,2025-01-15 04:00:00
V002,81.34974328958816,103.40293941950006,35.02411981619761,2025-01-15 05:00:00
V005,66.89534269063117,81.98445726154853,44.701181922069196,2025-01-15 06:00:00
V001,89.22208301947515,99.9475869014073,20.004465967657808,2025-01-15 07:00:00
V002,92.04822855828348,81.46035685198373,66.2335602566036,2025-01-15 08:00:00
V002,46.7761464685029,97.53319561172219,28.920485389455408,2025-01-15 09:00:00
V003,83.97408080638627,72.80426939649472,18.761330500268365,2025-01-15 10:00:00
V003,108.61967934992796,101.56295000048794,61.199837301222416,2025-01-15 11:00:00
V003,114.2693969674169,76.06658285551273,32.93083716696354,2025-01-15 12:00:00
V001,97.42215344403483,105.78882450296271,45.21327051194579,2025-01-15 13:00:00
V002,90.81017069651351,76.79616234285085,60.99235263389845,2025-01-15 14:00:00
V003,112.3009546506148,73.65804459565001,85.45196129266239,2025-01-15 15:00:00
V002,108.04215076732801,89.01983328535907,21.276918250940966,2025-01-15 16:00:00
V005,87.7026624007315,112.32159356148723,93.72188920978557,2025-01-15 17:00:00
V001,106.5519005435073,74.60745990319364,58.203781343697905,2025-01-15 18:00:00
V005,41.71600234820993,106.48912878717553,16.318476940988198,2025-01-15 19:00:00
V002,82.12701440283537,118.39324324006913,86.99602581830032,2025-01-15 20:00:00
V003,118.91275925705833,89.13508693838325,28.63918363775298,2025-01-15 21:00:00
V005,47.92991103320411,86.7627786533816,95.30055838836972,2025-01-15 22:00:00
V005,49.37574379366338,82.26480939477787,94.23861652979728,2025-01-15 23:00:00
V001,116.51786964859906,117.24424466627781,73.64571214014295,2025-01-16 00:00:00
V001,56.24615610285365,81.47548250857797,96.97421004422984,2025-01-16 01:00:00
V002,107.64484752114211,74.94570042648924,50.25425900891393,2025-01-16 02:00:00
V005,60.36973497994508,104.125912329952,96.61747139180478,2025-01-16 03:00:00
V005,77.20413673697479,106.9924257720496,53.24462994530705,2025-01-16 04:00:00
V003,74.13895972487023,100.84950317146162,17.729326935093255,2025-01-16 05:00:00
V002,68.39424768448006,92.36666535471298,76.84905439435488,2025-01-16 06:00:00
V001,89.66177278888111,101.0882675607713,76.58127523064697,2025-01-16 07:00:00
V002,81.59294867601614,81.25159423051059,20.024670277191753,2025-01-16 08:00:00
V002,71.24954000610185,76.53696720205933,95.0934047309329,2025-01-16 09:00:00
V001,108.61492811722773,117.46314455060966,50.32443489435691,2025-01-16 10:00:00
V001,37.46712695116591,95.42822218358734,27.063445718686093,2025-01-16 11:00:00
V003,77.50672450565365,94.77449931995179,79.94986616974377,2025-01-16 12:00:00
V004,105.17969750790185,115.7406816106029,29.967756247491472,2025-01-16 13:00:00
V005,85.85952150563728,98.30469153912446,19.861555883329792,2025-01-16 14:00:00
V005,109.1554983244824,89.66950253883377,79.49544419722544,2025-01-16 15:00:00
V002,41.9078528061191,90.89897356242757,46.2640358856468,2025-01-16 16:00:00
V001,31.614929273355877,99.72656185921288,30.443589239752296,2025-01-16 17:00:00
V005,104.50983569633466,103.99523412737759,79.1583190366342,2025-01-16 18:00:00
V005,34.71887121163096,71.90771688776789,82.50284459091769,2025-01-16 19:00:00
V003,110.9495732878008,98.46114087880433,25.13212005262809,2025-01-16 20:00:00
V001,42.24635322542703,104.60447426827466,92.33429636310794,2025-01-16 21:00:00
V005,32.24382769640977,71.26494919312127,64.22652071266967,2025-01-16 22:00:00
V005,104.05226297800063,96.71983651751613,84.91240045013333,2025-01-16 23:00:00
V004,117.27350235281872,95.54066191823333,73.34222688050265,2025-01-17 00:00:00
V001,119.27173298762074,96.96647639192545,83.98241279432379,2025-01-17 01:00:00
V003,61.726269628720644,92.10568111086484,76.56156171364012,2025-01-17 02:00:00
V002,54.316085603976404,84.10019689942091,51.36568807661563,2025-01-17 03:00:00
V002,59.41528849921147,92.63694254041181,98.28990225446307,2025-01-17 04:00:00
V003,45.36642434981516,113.900673222206,87.1869584009927,2025-01-17 05:00:00
V003,43.87055664568691,112.42629810146195,75.8345648169962,2025-01-17 06:00:00
V004,92.52496720552125,77.34512614233554,71.41566481016406,2025-01-17 07:00:00
V002,62.417470145324394,74.95504089688598,76.30470262465896,2025-01-17 08:00:00
V003,61.12785207881235,83.48415955056272,15.475196199157956,2025-01-17 09:00:00
V002,99.08150618903944,115.15160141431312,53.36320288965923,2025-01-17 10:00:00
V005,91.41894870597372,71.76267799632446,42.45071030121933,2025-01-17 11:00:00
V004,70.62212627843084,75.41828151931222,85.50159180922095,2025-01-17 12:00:00
V002,82.66751316816664,98.86769422828203,40.153987824605494,2025-01-17 13:00:00
V001,82.63622921906969,82.56603239992957,42.59402657792798,2025-01-17 14:00:00
V005,71.85458314671024,82.72134459597365,60.1857888454725,2025-01-17 15:00:00
V003,72.59665022718731,102.2952432047087,24.844016774945857,2025-01-17 16:00:00
V002,39.9780173866222,98.72508747328033,72.97920252113929,2025-01-17 17:00:00
V003,94.65961672879298,84.30367221214112,39.52413078634404,2025-01-17 18:00:00
V002,71.43879196198341,109.45141106513728,58.911098247749045,2025-01-17 19:00:00
V003,101.17608915905207,104.16120871662852,35.23029505860639,2025-01-17 20:00:00
V003,104.59510029599029,98.35060131925853,32.548385813921236,2025-01-17 21:00:00
V005,63.337620376712486,103.31788880960738,41.66015197563886,2025-01-17 22:00:00
V003,51.496507084676736,99.32154604254177,39.440963001110006,2025-01-17 23:00:00
V004,42.283393437648144,72.17862869741116,93.89274317375886,2025-01-18 00:00:00
V001,114.59982628098274,117.86429687633557,47.24460385567652,2025-01-18 01:00:00
V003,76.12933101714222,99.20217568015251,92.54121865560819,2025-01-18 02:00:00
V004,43.4355909894923,93.72365509518482,25.774350198998942,2025-01-18 03:00:00
V005,88.68855956152939,92.73602093656045,33.305485880061944,2025-01-18 04:00:00
V004,62.80363257001496,77.8966099291369,98.49843871539574,2025-01-18 05:00:00
V004,74.85934593848756,90.8252636532344,63.79416314355731,2025-01-18 06:00:00
V004,38.01843611725645,110.90194080176255,71.29810135822049,2025-01-18 07:00:00
V003,87.28530714186164,74.56770417000216,20.91113820696362,2025-01-18 08:00:00
V004,117.16451918376336,115.86747243192845,60.702545402203896,2025-01-18 09:00:00
V001,117.99308882445361,91.44986009935785,22.875989676877715,2025-01-18 10:00:00
V004,31.7015971118343,74.45477052942275,11.344933090213987,2025-01-18 11:00:00
V002,40.98888639357886,111.71985421567624,10.013749482580053,2025-01-18 12:00:00
V002,111.64336161380515,100.20902104626973,26.326523749352,2025-01-18 13:00:00
V003,80.92487761973163,78.35999581894893,44.160465407444924,2025-01-18 14:00:00
V005,87.62794695439082,77.08308001251879,72.42252523833895,2025-01-18 15:00:00
V002,107.83285707507804,98.5858757246485,93.62099817385092,2025-01-18 16:00:00
V004,62.418853826991835,96.48558793717875,52.35753131314004,2025-01-18 17:00:00
V002,69.98882446087902,116.17761002885112,84.12612192458201,2025-01-18 18:00:00
V005,74.56998299313096,73.33953434962872,30.4590760733231,2025-01-18 19:00:00
V001,47.793859982906,78.29102553975235,22.93642337596372,2025-01-18 20:00:00
V001,117.89523589228806,107.56824429298932,74.43960085930952,2025-01-18 21:00:00
V004,64.78774059511153,119.77300008427444,73.3667608374476,2025-01-18 22:00:00
V004,46.974674278398595,75.57950725724876,48.89446183025678,2025-01-18 23:00:00
V001,99.05185397541983,103.89737939363823,44.0321934832725,2025-01-19 00:00:00
V003,37.73136403131482,97.63820442901869,97.6000404421385,2025-01-19 01:00:00
V004,93.43305262047977,119.9368911506124,30.71176348302636,2025-01-19 02:00:00
V002,78.78134565944458,80.64191988600064,35.57836227841181,2025-01-19 03:00:00
V001,63.81762252061458,70.19258863530567,97.4899296122244,2025-01-19 04:00:00
V004,46.783747137119946,99.38914033185154,82.0078613749877,2025-01-19 05:00:00
V001,90.1975809061783,96.5047139325972,71.7546011774009,2025-01-19 06:00:00
V004,112.21594568258544,70.88152538548884,20.234452225211996,2025-01-19 07:00:00
V004,49.87509141785286,102.18900621364094,66.26741020234184,2025-01-19 08:00:00
V001,95.02690502483915,72.31484344166736,63.326243257343805,2025-01-19 09:00:00
V001,38.59505262243121,82.37545665032926,51.804159752770786,2025-01-19 10:00:00
V005,97.51773828097504,119.6062870196044,99.21156923418108,2025-01-19 11:00:00
V003,46.925548288796215,75.85779252515248,14.137674936045386,2025-01-19 12:00:00
V004,45.232715972901985,80.88270473907247,35.00429265536849,2025-01-19 13:00:00
V001,95.60543444698541,71.05990969707932,88.52599082384734,2025-01-19 14:00:00
V005,77.43565918985438,107.93939998719907,37.8129064772905,2025-01-19 15:00:00
V003,97.86590447870488,98.96489313240198,94.86634900927871,2025-01-19 16:00:00
V001,65.22480008721192,109.59738328078696,76.31515297397725,2025-01-19 17:00:00
V003,92.93656725993702,74.28257125414527,76.68908995651002,2025-01-19 18:00:00
V005,98.0811924429571,113.90211672333072,85.97689233939954,2025-01-19 19:00:00
V001,111.3295667583096,95.95675598065677,33.969844023559375,2025-01-19 20:00:00
V002,110.45861706351799,93.50639394750864,41.34691007981391,2025-01-19 21:00:00
V004,81.52051137858936,112.44300138758298,99.3785602268886,2025-01-19 22:00:00
V004,78.89901075161461,100.53188868811286,72.36478195085752,2025-01-19 23:00:00
V004,72.80005796569131,78.81334706155607,50.081165631685444,2025-01-20 00:00:00
V003,106.93781661577218,81.13084666420495,43.325298624134575,2025-01-20 01:00:00
V001,49.0843287856398,90.48399806224191,97.31828913190023,2025-01-20 02:00:00
V004,82.99126680224785,119.16713009599546,54.75521887661076,2025-01-20 03:00:00
V001,74.07569307489497,77.26826567075983,39.19583901296162,2025-01-20 04:00:00
V002,39.01662499126137,88.6883565933418,32.26938179343175,2025-01-20 05:00:00
V003,92.74374920253202,80.58866957414,11.767745559059675,2025-01-20 06:00:00
V004,41.72610865214516,117.55397970028548,61.78196216594984,2025-01-20 07:00:00
V001,113.3987184013641,90.50644381141831,91.6802096082263,2025-01-20 08:00:00
V003,83.17022701717659,105.65236190557184,51.29759662154592,2025-01-20 09:00:00
V004,97.46932166337251,72.74717734778095,50.848174260040196,2025-01-20 10:00:00
V004,111.08239713125192,88.3497209288083,76.02080872880806,2025-01-20 11:00:00
V003,103.94512437982937,82.58160004303527,47.6714355764163,2025-01-20 12:00:00
V002,69.10129623981386,88.40517927615974,74.64183904057222,2025-01-20 13:00:00
V001,62.33561320064442,84.61873488827585,46.57613635462541,2025-01-20 14:00:00
V005,87.63573242110459,119.57942025431862,68.41226374869086,2025-01-20 15:00:00
V001,74.49760179918806,98.04562716677609,18.13675982942909,2025-01-20 16:00:00
V005,111.00321368941789,78.20149948611767,64.81465231137689,2025-01-20 17:00:00
V003,111.25622733567562,87.97617689905687,75.85559282636076,2025-01-20 18:00:00
V002,45.08544677373216,100.19367939033845,71.79407705724012,2025-01-20 19:00:00
V004,108.49468084931063,88.81475488907752,14.819720104520549,2025-01-20 20:00:00
V003,112.32209341019973,82.35101992313709,94.13495702647113,2025-01-20 21:00:00
V002,102.57685318942787,89.41677089395567,62.19506537721891,2025-01-20 22:00:00
V002,36.665600563976085,103.52893354344789,31.76552115889534,2025-01-20 23:00:00
V005,96.92067984806313,93.12114101139245,75.10829931458224,2025-01-21 00:00:00
V001,62.17303783317586,119.19303968852296,83.57393721478623,2025-01-21 01:00:00
V005,110.3562367010335,74.67078416790996,94.23686872117601,2025-01-21 02:00:00
V004,51.92052925717056,100.97703726516679,95.91530588589369,2025-01-21 03:00:00
V004,76.27224538134188,104.27701044163044,42.18240678213876,2025-01-21 04:00:00
V001,115.728585920948,77.96397934309937,94.82374464786575,2025-01-21 05:00:00
V001,87.36259343294475,95.46921568488784,33.44698868983896,2025-01-21 06:00:00
V003,71.55510973403872,85.43056657433642,97.11456683491977,2025-01-21 07:00:00
V004,106.67742225825552,106.40110422989365,19.727628560534416,2025-01-21 08:00:00
V003,63.9772712610511,100.32706318638552,79.79717143755097,2025-01-21 09:00:00
V005,83.76912615474404,96.97054643509904,82.45939535015401,2025-01-21 10:00:00
V001,72.759193058343,93.22424147148654,44.3318715610545,2025-01-21 11:00:00
V004,47.5727779340494,111.30247670409548,57.121638000833826,2025-01-21 12:00:00
V002,64.39870079777404,94.61725798954198,39.70629980405085,2025-01-21 13:00:00
V001,37.665309121695046,75.36541894593117,17.658408858402424,2025-01-21 14:00:00
V003,70.20220138138002,73.35262054209919,25.55219120936129,2025-01-21 15:00:00
V005,116.80907319924584,91.41701610484262,82.1809017651522,2025-01-21 16:00:00
V004,55.430795734965926,112.89089916474748,76.23230469830894,2025-01-21 17:00:00
V003,112.97452137717656,113.62673370660372,73.22439125077213,2025-01-21 18:00:00
V002,50.33808392880716,104.1658703166392,40.79148355577064,2025-01-21 19:00:00
V002,50.22657710555192,72.45615714128876,75.59268142051684,2025-01-21 20:00:00
V005,99.59050983500862,97.35006585257563,92.41439156757146,2025-01-21 21:00:00
V005,68.67160053993987,106.64241255013975,19.507962110431997,2025-01-21 22:00:00
V004,119.12517983106642,90.28724470878021,35.81177756753128,2025-01-21 23:00:00
V002,31.854288595335426,114.1360275852373,21.278979974661222,2025-01-22 00:00:00
V002,103.47270453483624,116.90964880656662,93.93088794920348,2025-01-22 01:00:00
V001,91.7933915439263,106.43850502748276,85.89803039323182,2025-01-22 02:00:00
V002,38.52870992773517,107.46854488502542,99.76462171175606,2025-01-22 03:00:00
V004,111.79716066858356,77.11429208448048,76.02167988941089,2025-01-22 04:00:00
V002,66.0020810261269,90.43792079233032,87.47352519161925,2025-01-22 05:00:00
V003,44.951359627893424,118.29160878351242,26.614142033880228,2025-01-22 06:00:00
V002,85.7432688629857,96.32839467831172,94.63443570388799,2025-01-22 07:00:00
V002,59.84692536836035,101.64892462324012,95.00018921839089,2025-01-22 08:00:00
V003,104.94999611085137,91.21694279715527,31.11684227329027,2025-01-22 09:00:00
V002,95.73992763724799,87.14998647928125,52.742813282057526,2025-01-22 10:00:00
V005,55.84479404420537,93.93211823480985,51.399116754964076,2025-01-22 11:00:00
V001,110.3133911629296,70.13532572059013,68.52149017957083,2025-01-22 12:00:00
V004,72.27532661088857,70.18768003324016,46.953529561648246,2025-01-22 13:00:00
V001,67.5556797515582,83.93910956012279,76.09564564688637,2025-01-22 14:00:00
V003,111.97999752926961,100.48225842766195,37.82974005837306,2025-01-22 15:00:00
V002,116.53407252524177,105.57553839620653,38.52915280409556,2025-01-22 16:00:00
V002,78.16226506814849,73.07752772043628,32.704100851543565,2025-01-22 17:00:00
V004,113.9287441936626,80.86995582986631,76.21405310172172,2025-01-22 18:00:00
V002,47.41057581823259,113.20536494356628,65.58168924472412,2025-01-22 19:00:00
V003,77.52659631972503,95.05317175235018,60.122532359767604,2025-01-22 20:00:00
V005,91.3847765027159,116.02062563446954,51.493404901375904,2025-01-22 21:00:00
V003,104.48634835129083,107.9046993340713,11.743307181721388,2025-01-22 22:00:00
V005,78.93756717374168,105.09446753783394,15.477558417303287,2025-01-22 23:00:00
V003,98.56304378732347,92.08381129822848,58.51644200128181,2025-01-23 00:00:00
V002,63.48542288375722,96.1365748742038,89.66850306366412,2025-01-23 01:00:00
V005,71.75956868584223,108.22563695415565,44.69221359290111,2025-01-23 02:00:00
V004,93.4997882042526,104.09254227275036,14.228337589625564,2025-01-23 03:00:00
V001,50.43046610621773,117.56875897112121,15.949373889682498,2025-01-23 04:00:00
V001,39.986976419100216,94.1384603416795,11.885869924397456,2025-01-23 05:00:00
V004,103.34531539406011,84.23304812568853,77.47713615523156,2025-01-23 06:00:00
V005,59.410175539480825,72.15622974822793,36.79726632783141,2025-01-23 07:00:00
V003,57.1709766888442,108.69193044781787,18.843745468365277,2025-01-23 08:00:00
V002,95.32401397694426,70.85794951771383,77.45282296013158,2025-01-23 09:00:00
V002,109.67579040430098,117.26759045392524,48.69988467132961,2025-01-23 10:00:00
V003,90.40329136248849,118.85730297859267,31.506592645726187,2025-01-23 11:00:00
V004,40.450196355733894,98.5165864379248,55.320856149202,2025-01-23 12:00:00
V003,76.80693788773132,80.3375692463351,24.36274033368717,2025-01-23 13:00:00
V002,53.04437240408932,75.7008141515947,30.448077013927772,2025-01-23 14:00:00
V005,41.313753585091334,74.2702769984901,37.338047228680985,2025-01-23 15:00:00
V003,32.09308254239638,104.16722284717862,62.27779290790398,2025-01-23 16:00:00
V005,103.77410302609319,112.60770750867155,12.210194691842158,2025-01-23 17:00:00
V001,71.53990259459633,106.39242092885698,45.822336089104205,2025-01-23 18:00:00
V005,96.58709548581565,99.776965761168,27.15518277955188,2025-01-23 19:00:00
V002,108.40111148497584,101.08118334004524,48.64488475970882,2025-01-23 20:00:00
V005,106.13525971414798,100.26195748696061,96.71025313032735,2025-01-23 21:00:00
V002,42.9453399737818,100.05012209702207,15.181558695387503,2025-01-23 22:00:00
V003,60.81263604516131,99.23876423813297,79.92319829244616,2025-01-23 23:00:00
V001,119.78198953774258,85.27227229586049,22.7803736109496,2025-01-24 00:00:00
V002,86.01604789683384,85.21986987240689,61.376806217600986,2025-01-24 01:00:00
V005,52.08998849067345,95.24710913430845,33.05185967420303,2025-01-24 02:00:00
V001,80.81865292201714,111.587362965619,38.27449339871859,2025-01-24 03:00:00
V003,111.73220434367461,79.3590428008606,91.68007766377175,2025-01-24 04:00:00
V002,114.76786137561285,89.02850970052938,89.70333572251381,2025-01-24 05:00:00
V001,107.28132515618354,94.40657221932129,36.56941318292542,2025-01-24 06:00:00
V002,88.94509138531825,102.92223025461298,47.64150854011681,2025-01-24 07:00:00
V004,70.86543655554135,108.90775474765002,21.394221024585388,2025-01-24 08:00:00
V001,110.43064048846878,97.32903875923805,39.8385087928405,2025-01-24 09:00:00
V001,119.9769817516909,93.7760224990286,24.438912437300097,2025-01-24 10:00:00
V001,101.79938947105926,83.31477087755867,12.80973882933333,2025-01-24 11:00:00
V002,80.75991999487502,102.00595221381676,48.027033416855396,2025-01-24 12:00:00
V004,61.997930089929085,88.13494542368204,80.60130438351555,2025-01-24 13:00:00
V003,76.13306473526194,75.88382457598269,14.92248566423218,2025-01-24 14:00:00
V001,106.94138816875343,105.41122462634958,70.38156823601426,2025-01-24 15:00:00
V001,50.44663207838942,88.79794947221345,84.602880709004,2025-01-24 16:00:00
V005,82.92279087827578,72.9722811863504,17.81188721986328,2025-01-24 17:00:00
V004,110.94258778142942,78.96461140193243,93.45070127388264,2025-01-24 18:00:00
V003,118.75734922383364,111.25586996666873,76.14879865703946,2025-01-24 19:00:00
V004,71.084194723835,92.2747037832966,43.05932425732336,2025-01-24 20:00:00
V004,58.50629513520046,89.99812881326147,52.39243803761524,2025-01-24 21:00:00
V003,50.795346847867705,81.50813996669508,98.40332793489792,2025-01-24 22:00:00
V005,79.72328089243868,77.05415088668487,52.93534151801993,2025-01-24 23:00:00
V002,88.55820951491603,99.48648797919843,87.91504473799726,2025-01-25 00:00:00
V002,111.13528118700673,99.27362193812876,12.453409379708646,2025-01-25 01:00:00
V002,101.82849896551694,73.26261182214009,10.566910166411839,2025-01-25 02:00:00
V004,59.41543635777052,83.8035443682063,64.77579700832999,2025-01-25 03:00:00
V004,60.63680618300869,75.8838631752808,98.46391432919579,2025-01-25 04:00:00
V005,70.9966855579866,71.74412096917962,27.084493544952785,2025-01-25 05:00:00
V004,57.24033208880441,87.21692432380662,91.45356544010123,2025-01-25 06:00:00
V005,65.74671070529665,98.07010217135056,15.792691282655852,2025-01-25 07:00:00
V001,35.850543580529376,99.9722263252194,40.08774310748083,2025-01-25 08:00:00
V002,58.43824947655319,75.16514745488129,15.466600894254121,2025-01-25 09:00:00
V003,39.17420537423874,70.14011275407643,15.006186548582612,2025-01-25 10:00:00
V003,57.97709988634021,111.45073586478549,71.43278348313763,2025-01-25 11:00:00
V004,110.80354774745334,74.27624407995259,39.116512908905904,2025-01-25 12:00:00
V004,34.37435148520663,82.6577134724852,49.9758891676855,2025-01-25 13:00:00
V005,32.0054505442118,102.0395951416346,97.76845261570774,2025-01-25 14:00:00
V001,74.11746053103354,79.12115866948378,79.29820002803072,2025-01-25 15:00:00
V001,61.149123619295054,78.26227513000282,15.392477921242234,2025-01-25 16:00:00
V005,84.16755969606055,81.21883628631409,73.45723695657378,2025-01-25 17:00:00
V002,96.96708297409401,88.26483325338629,67.17095240570094,2025-01-25 18:00:00
V004,50.64807285159293,74.87504721042335,50.00950441689264,2025-01-25 19:00:00
V004,31.892401131808743,85.34459655154194,49.23556348224699,2025-01-25 20:00:00
V005,35.61379883503582,109.19901402300073,83.32192172051327,2025-01-25 21:00:00
V002,100.54281944226462,97.39187175299406,57.427079636198336,2025-01-25 22:00:00
V001,51.81023049051415,101.4988627656788,73.2814945958543,2025-01-25 23:00:00
V001,45.77763667989963,97.26913457454609,90.01067790558444,2025-01-26 00:00:00
V002,115.66205570815914,74.27723539750498,45.66924051092545,2025-01-26 01:00:00
V003,77.45076502734977,109.04580303335882,60.07764075728529,2025-01-26 02:00:00
V005,33.223658589090434,84.88244155833034,50.930499442821464,2025-01-26 03:00:00
V001,38.033247097766036,105.81261048376261,74.03960175732024,2025-01-26 04:00:00
V005,75.77037806408828,82.58686770122249,95.92612201799929,2025-01-26 05:00:00
V002,43.89974108439212,116.77568244094297,26.527737161956566,2025-01-26 06:00:00
V003,88.61113970603273,91.57673252134134,45.43398121017766,2025-01-26 07:00:00
V005,83.3889262126626,102.71708883000987,73.49797706127495,2025-01-26 08:00:00
V004,55.27089107189205,80.29827191832652,35.182471375151025,2025-01-26 09:00:00
V002,97.80281085210868,80.9812947968397,98.24196035936681,2025-01-26 10:00:00
V004,69.57727736440555,108.45399923250025,27.65505180723249,2025-01-26 11:00:00
V003,114.59612243856994,74.47177521746919,41.14305368661113,2025-01-26 12:00:00
V002,60.65712699518532,99.08028287680561,32.14689735948809,2025-01-26 13:00:00
V001,68.40104759532275,108.18481368196862,94.89279050513866,2025-01-26 14:00:00
V005,92.47799974285891,96.30563704927225,78.94513383609177,2025-01-26 15:00:00
V002,95.46964323749,72.2629738819607,87.6665654104209,2025-01-26 16:00:00
V005,51.97982716032321,73.36519196285813,38.53777094855421,2025-01-26 17:00:00
V004,107.5834151228741,94.97531065006108,58.41735812085853,2025-01-26 18:00:00
V002,37.064946972261595,107.44632647755881,67.41098732977734,2025-01-26 19:00:00
V003,50.56855467332547,117.63843415597682,74.08981897947416,2025-01-26 20:00:00
V001,49.48934237177997,86.70398643984129,87.58886881018505,2025-01-26 21:00:00
V002,37.17803065262684,97.9026152423883,95.26303858880159,2025-01-26 22:00:00
V003,111.21383588517517,84.53768489830375,66.83027043053201,2025-01-26 23:00:00
V005,43.62946466311404,109.2035797322169,15.557169945295291,2025-01-27 00:00:00
V004,95.59030979609709,102.57000003964376,65.82052348476864,2025-01-27 01:00:00
V005,60.37006470580765,96.96232695520399,52.018237519538715,2025-01-27 02:00:00
V005,100.8000208590764,103.5090757276535,42.21885771618137,2025-01-27 03:00:00
V005,33.285563638209936,86.95620667070547,46.95490831318072,2025-01-27 04:00:00
V002,80.44670123514703,110.24546993435582,32.87665652480491,2025-01-27 05:00:00
V002,95.83531409253897,109.81803960265592,99.17502483993391,2025-01-27 06:00:00
V002,45.50656362141362,94.76963469123515,29.653742552933096,2025-01-27 07:00:00
V003,54.416431375740146,103.5909382312085,24.168072972853462,2025-01-27 08:00:00
V004,77.35557548032077,118.35073919053266,75.5862016017532,2025-01-27 09:00:00
V005,35.24210246845654,111.00090133419565,36.5961347167989,2025-01-27 10:00:00
V003,117.8855606239082,84.26376481718535,97.0509900128541,2025-01-27 11:00:00
V002,94.2048194549691,76.20719813938278,52.65644673102964,2025-01-27 12:00:00
V005,71.83768132818153,89.13419262739679,14.3299031868642,2025-01-27 13:00:00
V002,69.5231450830958,79.16976224263828,39.504000107390624,2025-01-27 14:00:00
V005,112.20716384301943,110.96623710243821,13.633192244026098,2025-01-27 15:00:00
V003,36.080199652924414,72.90148534479691,32.30933240937798,2025-01-27 16:00:00
V001,50.81365000960321,77.01452711861454,83.47712922992523,2025-01-27 17:00:00
V003,39.846854273418444,95.22367713233598,93.08145817500066,2025-01-27 18:00:00
V005,77.42301456719932,89.85565014010247,36.73346126900246,2025-01-27 19:00:00
V003,82.53835337063003,117.1427045999445,81.2340714182753,2025-01-27 20:00:00
V004,63.49081459468056,70.02392453910674,49.466336600468836,2025-01-27 21:00:00
V001,78.19897303377655,80.96662404203535,79.99390652187643,2025-01-27 22:00:00
V003,80.92400393707979,106.06737001718723,81.44958818541049,2025-01-27 23:00:00
V005,63.27935678931544,73.48063644118555,47.47057661498721,2025-01-28 00:00:00
V002,48.96364111652956,112.16586774661099,98.31630841317428,2025-01-28 01:00:00
V004,35.418076441080785,83.28917157529315,14.243836719450545,2025-01-28 02:00:00
V002,72.0978042907769,82.33225908787347,53.34431287053194,2025-01-28 03:00:00
V005,84.90521385722462,115.54586896156894,69.52795808202873,2025-01-28 04:00:00
V001,36.6565686342245,83.47904175136195,59.9087990303695,2025-01-28 05:00:00
V005,114.81719867125557,70.43726028094859,51.99652699018441,2025-01-28 06:00:00
V004,44.28175721378507,89.69803671985237,95.36162243901923,2025-01-28 07:00:00
V002,84.99972160754433,90.62015434049772,98.94470059339386,2025-01-28 08:00:00
V004,58.94563809824498,106.61658880432114,56.12595065146084,2025-01-28 09:00:00
V003,113.14699401486246,90.85723805811182,94.69863508826579,2025-01-28 10:00:00
V002,36.041973835925944,90.85697143533429,54.49759524130348,2025-01-28 11:00:00
V005,63.501906796247965,82.09690612044163,25.31288318522183,2025-01-28 12:00:00
V003,108.81084970106487,92.6444051835754,54.55959424782935,2025-01-28 13:00:00
V004,48.802826315530375,94.61544599935594,18.694983076762355,2025-01-28 14:00:00
V003,68.74524219139155,75.58563271706657,19.477719396687867,2025-01-28 15:00:00
V003,32.29837737654602,96.82103219678926,14.964972723397835,2025-01-28 16:00:00
V002,113.0222740545646,88.12483068475728,60.77021530214166,2025-01-28 17:00:00
V005,94.12390743907318,88.23343694675822,48.73359904002034,2025-01-28 18:00:00
V002,114.21647458841854,112.54504226922253,82.89794286063473,2025-01-28 19:00:00
V003,80.38012316473086,100.98719186241549,55.60216370583996,2025-01-28 20:00:00
V004,65.88180770415659,97.47944843194136,37.29628610918006,2025-01-28 21:00:00
V004,106.73466625771934,82.67900263350282,74.29930246741156,2025-01-28 22:00:00
V001,36.635206759572355,92.25879215043132,30.820654679875666,2025-01-28 23:00:00
V003,72.66132697451445,101.2646616769225,42.455364783655774,2025-01-29 00:00:00
V004,40.858073013789884,116.83296428578669,76.29186543127379,2025-01-29 01:00:00
V004,48.32068285350722,95.02639548820822,71.89668197326633,2025-01-29 02:00:00
V002,46.40746804044221,80.66211986312538,53.2954496707582,2025-01-29 03:00:00
V005,38.39469618977784,94.27148616332222,97.62386354864243,2025-01-29 04:00:00
V001,118.10686281586655,112.68861884121199,25.898724060180246,2025-01-29 05:00:00
V002,82.16760881699577,87.88449411289896,77.55422434266934,2025-01-29 06:00:00
V002,44.393489608477864,114.67797664576652,46.01239212563912,2025-01-29 07:00:00
V005,50.89498051997889,75.87318345380265,39.01992627099776,2025-01-29 08:00:00
V001,101.11984085221421,115.55277432347944,56.78319204658662,2025-01-29 09:00:00
V004,113.75477605888558,79.95295710409259,67.03756252009163,2025-01-29 10:00:00
V001,114.85915453054183,95.81119983484818,13.703003450301772,2025-01-29 11:00:00
V003,117.13352038008267,75.41088126801267,87.40541901539034,2025-01-29 12:00:00
V004,110.2553858426594,74.78496064685113,12.708022771129587,2025-01-29 13:00:00
V005,113.08636437494104,95.12238370844851,11.556030583643889,2025-01-29 14:00:00
V002,40.891237205342016,80.92532429842227,17.88360744370704,2025-01-29 15:00:00
V005,103.88063806008364,112.99476507684798,49.88604637018661,2025-01-29 16:00:00
V003,84.51863732644824,102.49397036597378,59.51701227635779,2025-01-29 17:00:00
V003,51.83329891636208,72.6321734709144,49.16870645839799,2025-01-29 18:00:00
V003,43.2676930090148,90.53464673227384,17.66917882550853,2025-01-29 19:00:00
V004,79.34941226386242,104.34314954713965,69.52933418435941,2025-01-29 20:00:00
V001,114.06655623166901,116.46569423409039,83.08265902803929,2025-01-29 21:00:00
V005,38.097156188562465,88.75489579659117,98.8815764808893,2025-01-29 22:00:00
V005,32.25115302094823,89.04952027547849,20.353630786949743,2025-01-29 23:00:00
V001,76.00498953396038,103.82811678491271,95.56343280879355,2025-01-30 00:00:00
V003,117.40959769380956,73.59861572557237,70.12405311254992,2025-01-30 01:00:00
V003,118.08868409160677,110.30909408542894,81.04895430710673,2025-01-30 02:00:00
V005,79.00070253725761,97.723196461389,56.80414246868833,2025-01-30 03:00:00
V003,81.41965389220037,91.35799380519468,33.88329815745439,2025-01-30 04:00:00
V002,67.09489740064703,101.65838980548271,11.412473290113878,2025-01-30 05:00:00
V002,85.42652110682393,116.52848419104245,50.772355414687134,2025-01-30 06:00:00
V002,40.04840251467738,108.17132999927857,13.34084252723068,2025-01-30 07:00:00
V002,91.42200798432538,86.12818226571764,16.13846486623438,2025-01-30 08:00:00
V001,66.61823480320902,98.4478905697321,21.87244372691638,2025-01-30 09:00:00
V002,54.19444257014737,104.48724645352311,54.4873499526414,2025-01-30 10:00:00
V004,89.38852247632877,75.41756136953647,75.86392375630611,2025-01-30 11:00:00
V003,113.51202753607171,92.97121392050131,96.97006158380171,2025-01-30 12:00:00
V005,57.22811483364254,114.13461028662581,93.1419486519834,2025-01-30 13:00:00
V001,67.25367774759724,88.60371903472931,57.30688159634117,2025-01-30 14:00:00
V002,33.67445668437244,90.84759893635483,56.45169780209806,2025-01-30 15:00:00
V004,73.72664305098783,87.69608119680697,68.50325777411398,2025-01-30 16:00:00
V002,52.65731749644345,106.6146988784106,12.664922309480065,2025-01-30 17:00:00
V003,106.67206035612756,80.58384102812876,13.309528832601695,2025-01-30 18:00:00
V004,35.27825009603047,112.09366426677522,56.0554108183639,2025-01-30 19:00:00
V002,30.74590689677773,102.93078991234643,16.56379065768059,2025-01-30 20:00:00
V004,32.523740220566005,102.45705657780384,36.28418152824049,2025-01-30 21:00:00
V005,56.03449012637009,75.46077392001712,27.693214404567783,2025-01-30 22:00:00
V002,52.31924754171405,99.94517273788274,10.899711921211397,2025-01-30 23:00:00
V005,55.686631645075636,74.09675747420083,41.32807797473243,2025-01-31 00:00:00
V004,53.86289761619334,82.36456504957056,65.28843900298979,2025-01-31 01:00:00
V002,89.89857911852113,88.19274261527057,35.97374371733903,2025-01-31 02:00:00
V003,45.42247116336577,111.1133852355378,98.70888150611728,2025-01-31 03:00:00
V002,39.26098859740982,99.80081751838132,12.990833744575863,2025-01-31 04:00:00
V004,74.9540769171646,110.29837890067832,53.352631161459264,2025-01-31 05:00:00
V001,49.849596923203485,80.61877163271599,15.088114565453562,2025-01-31 06:00:00
V001,45.29452237916357,78.62442185015654,83.1463794045991,2025-01-31 07:00:00
V005,58.94827034340152,74.4719599704385,33.904779360942776,2025-01-31 08:00:00
V004,88.85060290816944,111.34036879140093,70.43977133687437,2025-01-31 09:00:00
V005,89.24531175414825,75.89959323222547,73.18923882119208,2025-01-31 10:00:00
V004,65.16402754304073,103.84573169679089,34.32607249151502,2025-01-31 11:00:00
V001,116.33445157034603,85.14783594449744,34.764739121105634,2025-01-31 12:00:00
V004,43.10783533388685,93.28453967763372,87.08392434132425,2025-01-31 13:00:00
V002,54.1533964434624,92.59569586859169,25.941101297502954,2025-01-31 14:00:00
V003,117.30804416518384,89.43007277482411,51.98883888298213,2025-01-31 15:00:00
V001,94.49540660840246,83.98457256931978,40.06057097792571,2025-01-31 16:00:00
V002,48.75795520535172,70.24093044055815,53.06331290104485,2025-01-31 17:00:00
V005,65.44296267565085,82.59516127088285,89.84468341243002,2025-01-31 18:00:00
V005,89.10081897173433,95.76578883883101,31.170436094784264,2025-01-31 19:00:00
V004,61.037562112898684,101.85524048977138,74.82675966183635,2025-01-31 20:00:00
V003,110.53898558591555,109.35449177232576,16.91224506233903,2025-01-31 21:00:00
V001,58.30534012226413,71.56028212510898,83.33246576135846,2025-01-31 22:00:00
V005,78.36356122063656,86.9479291989862,82.02769341843538,2025-01-31 23:00:00
V004,54.958871265856416,85.40934232620367,17.915854735198213,2025-02-01 00:00:00
V004,59.21939887678768,118.39009663242142,93.52746349497195,2025-02-01 01:00:00
V005,114.31657433691072,73.34298170761916,26.10048765091409,2025-02-01 02:00:00
V002,34.264062599495794,104.22297206749505,72.14350722399337,2025-02-01 03:00:00
V005,98.55578087388507,79.24809478730322,64.65640967214023,2025-02-01 04:00:00
V004,78.29769434134157,100.16624384929716,48.711491601450454,2025-02-01 05:00:00
V004,52.2674206967954,87.8238036185428,76.57065643801121,2025-02-01 06:00:00
V005,117.58735089145154,71.76135016254096,37.55780258585999,2025-02-01 07:00:00
V001,68.73811271291594,81.03919099568739,84.63896957691989,2025-02-01 08:00:00
V001,48.71313123779123,103.66850328730966,32.76086245622639,2025-02-01 09:00:00
V001,85.11135004921732,72.08579439935295,21.50723155716256,2025-02-01 10:00:00
V005,77.27290422964114,91.56821360207331,58.58174039557181,2025-02-01 11:00:00
V003,38.4521249683656,111.80471811192267,21.33589158736873,2025-02-01 12:00:00
V002,85.78889416137713,107.52121118562874,97.70422449439567,2025-02-01 13:00:00
V001,54.249720242726646,115.65884308075675,77.6426130093784,2025-02-01 14:00:00
V003,79.3786728408223,103.48469816441069,87.24657758484902,2025-02-01 15:00:00
V004,98.83907359997708,71.03064222179096,34.53835370309977,2025-02-01 16:00:00
V004,112.87066253074232,111.21984476504973,26.478369863723085,2025-02-01 17:00:00
V003,90.34539747880257,81.62082854752062,65.17205692736415,2025-02-01 18:00:00
V005,112.93057294689561,108.60977935283248,82.91580045803116,2025-02-01 19:00:00
V002,52.32269651533068,102.37002803932788,16.130396971933706,2025-02-01 20:00:00
V005,99.85789363434002,81.71362438507516,81.09127481734757,2025-02-01 21:00:00
V004,113.70261764377649,101.80336071951888,28.233282066892905,2025-02-01 22:00:00
V003,97.52042392042324,84.85600610641067,53.501645487520875,2025-02-01 23:00:00
V001,35.110998906290746,95.35572713702429,87.8046894384649,2025-02-02 00:00:00
V003,70.39121265093658,112.70568648029868,66.52030025758695,2025-02-02 01:00:00
V002,31.803510209626218,114.56313844538779,98.70689921260578,2025-02-02 02:00:00
V002,57.239644145189075,93.19250347456808,72.47426831978686,2025-02-02 03:00:00
V005,116.33147117963,119.1506572613894,39.21271419035517,2025-02-02 04:00:00
V004,90.14830706072428,81.14149129875712,33.21803706510289,2025-02-02 05:00:00
V002,51.41818931585287,95.91368838284936,96.29450462962731,2025-02-02 06:00:00
V005,72.49918249725934,73.4783707969373,48.512644264610515,2025-02-02 07:00:00
V005,115.14835619654203,70.95732524147124,96.46463512568045,2025-02-02 08:00:00
V004,70.45700283155404,96.09174142330373,93.47362449027912,2025-02-02 09:00:00
V001,93.38398014380255,84.82661764937734,38.64526342336682,2025-02-02 10:00:00
V001,59.31805113848537,99.53737620052638,28.65973606623476,2025-02-02 11:00:00
V005,67.94821773225678,101.45855559554118,79.87752440683907,2025-02-02 12:00:00
V002,95.24205691226841,73.72026066541197,15.53015882063519,2025-02-02 13:00:00
V005,114.78152812428462,97.94556499617273,29.469793978209836,2025-02-02 14:00:00
V004,97.17435963411602,86.28511545837398,55.24399752672527,2025-02-02 15:00:00
V003,64.29001528582737,77.54243220404842,59.58585179213558,2025-02-02 16:00:00
V005,64.35031410665131,90.77129524249338,73.51692165988244,2025-02-02 17:00:00
V003,35.11671950969568,94.41758814289994,98.20152684046784,2025-02-02 18:00:00
V002,35.18537076085504,76.0841620927998,54.73345297123877,2025-02-02 19:00:00
V005,65.82076883039929,100.37433867923585,37.834789197179816,2025-02-02 20:00:00
V003,112.39332751334295,107.34737019641841,68.2690982549397,2025-02-02 21:00:00
V001,118.45171898518133,116.59859855080379,75.31394489904534,2025-02-02 22:00:00
V002,100.7443422286434,72.78020646325731,91.29996961525494,2025-02-02 23:00:00
V004,110.47003623187123,87.26360551039167,94.09184856643901,2025-02-03 00:00:00
V004,33.853353289600435,102.0387178469175,86.06613288224305,2025-02-03 01:00:00
V003,68.51509379756016,114.41452968300007,26.54097829356854,2025-02-03 02:00:00
V001,85.2869798860699,79.55307883023036,78.71345531082753,2025-02-03 03:00:00
V004,102.57119648761359,113.80279779067422,74.4180220025588,2025-02-03 04:00:00
V004,118.00656670428603,90.2803977758855,46.555142869582205,2025-02-03 05:00:00
V002,101.86691097523766,70.11175435786002,55.09932518655106,2025-02-03 06:00:00
V002,33.49056915099951,116.92252096668977,88.48909576212202,2025-02-03 07:00:00
V003,36.89470058624882,97.79397272867413,66.11049695591564,2025-02-03 08:00:00
V001,80.94459973921381,72.9403722366556,93.25840305804836,2025-02-03 09:00:00
V002,117.34951755107346,108.83782370689387,97.9199704905634,2025-02-03 10:00:00
V005,101.58458699460827,86.10737421699629,10.92993045114645,2025-02-03 11:00:00
V002,94.21454621531824,83.49534581463674,69.67288084456001,2025-02-03 12:00:00
V001,37.782780372382184,84.97542134025758,99.89629972316736,2025-02-03 13:00:00
V003,47.094115159491835,78.34091488334562,39.96244847810746,2025-02-03 14:00:00
V004,59.5140202312618,92.83021340142436,43.639839832412555,2025-02-03 15:00:00
V002,48.481086975513435,99.32225854668312,40.27685420427345,2025-02-03 16:00:00
V002,109.13696040254008,108.74477364957264,45.52643225277873,2025-02-03 17:00:00
V005,107.77591222168395,92.59574066686007,71.1662586938555,2025-02-03 18:00:00
V005,90.17506187352686,118.96388185525419,75.98249785751972,2025-02-03 19:00:00
V001,95.05960613623162,99.37136615281933,51.16517043947814,2025-02-03 20:00:00
V001,65.74397457575559,70.36154172640977,85.2942772091813,2025-02-03 21:00:00
V005,46.21004711445683,114.49077949540897,90.30422512254016,2025-02-03 22:00:00
V005,75.39971435972413,91.46192472416992,77.97876888897942,2025-02-03 23:00:00
V003,92.22493776261504,78.89500400650527,70.34132263309618,2025-02-04 00:00:00
V002,100.32553266524987,75.80815050971282,53.08841627823125,2025-02-04 01:00:00
V002,117.37087539297222,111.1898850115035,63.08763396955799,2025-02-04 02:00:00
V001,51.61264450111961,91.77240138414554,80.32035402576741,2025-02-04 03:00:00
V003,56.30410686004116,78.82369278354398,82.88361472808617,2025-02-04 04:00:00
V003,64.79650914395248,119.25634800732328,83.62329651825935,2025-02-04 05:00:00
V004,76.87557150155163,94.98828691410968,99.42309894978324,2025-02-04 06:00:00
V003,84.1808727942245,80.14115180432236,49.4185063196946,2025-02-04 07:00:00
V002,115.86551015076624,74.10322837280115,85.80643754234661,2025-02-04 08:00:00
V005,59.68186682608767,100.3672488387199,72.61833198464186,2025-02-04 09:00:00
V003,34.63855322542687,73.48353347328774,79.1729398851588,2025-02-04 10:00:00
V001,44.34053850524985,87.42095205854449,58.57959432788509,2025-02-04 11:00:00
V002,69.09311363763291,107.95566912185225,46.159813301265,2025-02-04 12:00:00
V004,44.183716898034255,108.69920072077069,74.51627728048437,2025-02-04 13:00:00
V004,84.73253979311522,91.85441883256378,81.1019948111471,2025-02-04 14:00:00
V002,66.03816314692304,73.05075860460614,44.89334352211533,2025-02-04 15:00:00
V001,48.46764488095582,102.22657293018275,68.67061348457383,2025-02-04 16:00:00
V004,77.71178791630018,104.02095039912314,58.73060103387026,2025-02-04 17:00:00
V001,115.41104272375372,88.41385610852582,66.43053293398978,2025-02-04 18:00:00
V004,92.31685874323153,114.24314131020859,60.72879657126583,2025-02-04 19:00:00
V001,59.201774023782484,77.08754647571787,79.20340497396593,2025-02-04 20:00:00
V004,117.99831077975126,88.59077711236748,96.05204991472645,2025-02-04 21:00:00
V004,47.260962779049535,94.90928810976672,90.80545601173793,2025-02-04 22:00:00
V001,43.992483263413135,96.41862653419119,63.376999862034275,2025-02-04 23:00:00
V003,86.75140125518736,106.19918685019465,67.52144922172147,2025-02-05 00:00:00
V005,117.79200196452112,97.74052984390049,17.07422130792304,2025-02-05 01:00:00
V003,43.50494189552215,79.76106274469518,59.704971636688796,2025-02-05 02:00:00
V003,108.78086855703528,108.14759171393632,55.93187288103289,2025-02-05 03:00:00
V002,71.24649685564171,98.3806323859967,15.65509221617707,2025-02-05 04:00:00
V005,71.3169708209561,113.25964029414675,20.270553046870294,2025-02-05 05:00:00
V005,35.421692250704574,103.0325983635556,67.24900265549729,2025-02-05 06:00:00
V001,65.23352104247905,100.80267764142525,64.29716294135613,2025-02-05 07:00:00
V001,94.08399808748526,80.03172781845147,98.78385661764175,2025-02-05 08:00:00
V004,93.28004842918097,97.39223149985025,98.70317313816962,2025-02-05 09:00:00
V004,80.9589543207085,96.9581703361884,86.75545666884302,2025-02-05 10:00:00
V001,32.912276481529666,74.01907807884774,80.57724764365578,2025-02-05 11:00:00
V004,54.007268972988115,97.91652622334597,90.84275407988864,2025-02-05 12:00:00
V001,47.089375305642434,73.6925881878371,18.83561485577599,2025-02-05 13:00:00
V002,58.11164476191413,110.98975307395581,88.71257479153518,2025-02-05 14:00:00
V003,62.3375489096436,75.47561831946834,98.7610738606969,2025-02-05 15:00:00
V004,94.6972234842428,113.72455348901266,11.958601454038831,2025-02-05 16:00:00
V004,47.886174062744686,90.49730697646382,47.73373404388367,2025-02-05 17:00:00
V003,32.532043549104046,114.93420068407713,99.27717812492605,2025-02-05 18:00:00
V005,63.38687171723022,99.42728644657312,56.90678799364221,2025-02-05 19:00:00
V004,85.8387219986086,81.81280651381675,36.57819940639839,2025-02-05 20:00:00
V001,115.00003076570908,85.31885225343547,14.406295906535743,2025-02-05 21:00:00
V001,111.50449443121386,81.3339705197419,38.624458351546664,2025-02-05 22:00:00
V001,106.57623174652579,82.28370191057793,74.72628672040852,2025-02-05 23:00:00
V004,97.17829980099576,117.89674483533582,70.34160467350146,2025-02-06 00:00:00
V003,42.88848270629041,77.72206120714492,52.05198821002588,2025-02-06 01:00:00
V001,100.07276012407304,90.11577811624983,66.74642834395067,2025-02-06 02:00:00
V003,95.76394702957774,112.50423619789336,81.31565224497798,2025-02-06 03:00:00
V005,83.99931286726475,94.22664092231534,22.10386851379277,2025-02-06 04:00:00
V005,61.37401353894914,87.34761280167825,20.130956405095507,2025-02-06 05:00:00
V004,67.82002894376734,73.9821454814182,66.60873580869624,2025-02-06 06:00:00
V004,118.12397701294904,115.07353164140238,52.67833212996274,2025-02-06 07:00:00
V005,44.29174885360895,78.53093269066679,59.33146602718816,2025-02-06 08:00:00
V002,49.708493958402755,111.24234694336539,80.58887621771528,2025-02-06 09:00:00
V003,49.75316728460287,78.75949430463443,20.705685385640678,2025-02-06 10:00:00
V004,36.95948593782545,94.47619682833825,45.003840553117655,2025-02-06 11:00:00
V003,91.23433352320676,86.55417532934712,29.705484696209894,2025-02-06 12:00:00
V004,92.60036990612912,92.2091439674281,30.65339550130034,2025-02-06 13:00:00
V005,103.92059528509733,118.49271027031509,97.644459652067,2025-02-06 14:00:00
V003,72.98728410826757,108.9067149167978,60.72355770138515,2025-02-06 15:00:00
V001,86.60439011258941,97.44905524392286,82.29813426951617,2025-02-06 16:00:00
V001,66.48399306732702,93.54414942125688,26.838043842031354,2025-02-06 17:00:00
V004,49.70683513478815,96.28625542607057,68.63431395475675,2025-02-06 18:00:00
V005,116.73183078501243,119.06539158608268,89.69607259078717,2025-02-06 19:00:00
V004,88.79395384580448,93.78412776996896,83.01495139944996,2025-02-06 20:00:00
V002,96.26905429674318,97.69997749335474,63.72159092519081,2025-02-06 21:00:00
V004,89.20923599790723,105.87704152975058,79.24755294114897,2025-02-06 22:00:00
V003,103.84235618155436,95.7305720492191,70.51764238219425,2025-02-06 23:00:00
V005,67.11641651172081,112.58045559200372,69.7746714860225,2025-02-07 00:00:00
V001,116.86539846933516,98.67476502957963,17.94742932395927,2025-02-07 01:00:00
V003,118.42940188723104,97.2000624927896,10.84843153000313,2025-02-07 02:00:00
V004,57.68158561388545,89.74646930565795,35.33146840641575,2025-02-07 03:00:00
V001,53.866833038879385,79.96395265993073,21.208748555790027,2025-02-07 04:00:00
V003,41.363552399982865,77.20747259716896,53.530893220467284,2025-02-07 05:00:00
V004,105.16928382157444,106.30598939690793,21.82636793370323,2025-02-07 06:00:00
V004,118.46448879824685,98.02643266872067,50.83185204472981,2025-02-07 07:00:00
V002,55.55965952382495,78.55697240312621,75.68191473354712,2025-02-07 08:00:00
V005,61.2028387724653,93.46658094596714,38.15691862913515,2025-02-07 09:00:00
V005,106.45086104046494,86.43585735679471,94.29632822510804,2025-02-07 10:00:00
V004,30.735564823460383,114.9548194276818,12.467278645768184,2025-02-07 11:00:00
V001,48.461440511731524,111.2407147251902,66.52712966206008,2025-02-07 12:00:00
V004,82.99450872610916,117.07289869646462,35.08434016887121,2025-02-07 13:00:00
V004,88.28474877877031,91.31510807956855,43.44920209336922,2025-02-07 14:00:00
V002,57.523628705828116,113.64723807773996,39.115999259101315,2025-02-07 15:00:00
V003,88.69093491325052,106.58680171738219,36.72769772377666,2025-02-07 16:00:00
V004,38.20759340200448,73.82573780755645,57.448546109760656,2025-02-07 17:00:00
V003,86.61517646278517,76.806816859296,93.75823507936899,2025-02-07 18:00:00
V005,53.25237978301064,106.44226208751579,72.25872745727409,2025-02-07 19:00:00
V001,76.26619705132491,117.9968865124695,71.13448358612722,2025-02-07 20:00:00
V002,40.186364640243355,96.89836329259488,15.84504374414243,2025-02-07 21:00:00
V004,107.8307499224624,76.27085637532208,11.98167681146549,2025-02-07 22:00:00
V005,40.67578776476042,109.86545874931892,87.03256256269967,2025-02-07 23:00:00
V001,96.80150348478669,108.64464129039885,25.927511244304686,2025-02-08 00:00:00
V003,100.6571041533884,81.28260366617145,30.494235676668378,2025-02-08 01:00:00
V004,56.72946874832121,74.87577139475607,59.25881153170854,2025-02-08 02:00:00
V005,55.177111373604134,83.63476872004499,86.98989602247086,2025-02-08 03:00:00
V004,111.02221346494159,98.8253130254589,64.6145849917701,2025-02-08 04:00:00
V002,100.94353120437476,88.8717880869703,26.397219958470224,2025-02-08 05:00:00
V003,101.51413340549612,100.07563153137022,39.12453284357744,2025-02-08 06:00:00
V002,55.2366516302068,71.41114451835081,99.98500523148708,2025-02-08 07:00:00
V003,76.00353032597619,117.57927168760507,69.86681086473209,2025-02-08 08:00:00
V002,31.532196164728028,118.49935185295827,82.81101892346076,2025-02-08 09:00:00
V002,67.65282255105525,83.78843359629118,98.94054374364183,2025-02-08 10:00:00
V001,44.353170774071145,103.51026151620714,39.901578535912066,2025-02-08 11:00:00
V005,39.98151362924827,114.3033416848902,74.66477716902207,2025-02-08 12:00:00
V001,61.302238480943714,85.51988359855828,59.71761992264348,2025-02-08 13:00:00
V002,43.05984037603598,90.08963377917519,71.40859736865801,2025-02-08 14:00:00
V002,48.700997832594986,86.22161704859712,90.28068466532504,2025-02-08 15:00:00
V005,46.386632112005664,118.94905112527445,85.46943367597561,2025-02-08 16:00:00
V003,81.39974825163779,96.32798402813616,66.48509965470733,2025-02-08 17:00:00
V002,75.21595945849685,73.88622498683544,21.52916381242966,2025-02-08 18:00:00
V004,48.31301340305601,82.92271124584335,83.2862542715472,2025-02-08 19:00:00
V004,57.69287395400229,76.98353205269558,32.8670556042116,2025-02-08 20:00:00
V004,65.68441563199616,75.81850548708495,58.333764136918795,2025-02-08 21:00:00
V005,46.4355741419226,71.93802342135169,19.349636818777856,2025-02-08 22:00:00
V004,79.55750832800564,103.27643270592829,28.065874586560057,2025-02-08 23:00:00
V002,107.11469906813905,75.32700487571718,87.78639947467674,2025-02-09 00:00:00
V005,34.715780325604086,102.89334411324884,78.3607849091356,2025-02-09 01:00:00
V004,73.72565137019338,72.56170745929853,52.87287057906602,2025-02-09 02:00:00
V004,54.64598926100979,74.13978103004503,85.796822132058,2025-02-09 03:00:00
V002,58.48914480468957,117.34914503211581,98.6457807971257,2025-02-09 04:00:00
V004,48.125700562350204,87.52673753988546,90.51765637211103,2025-02-09 05:00:00
V003,71.40253576352296,72.16631149442854,47.53753075402883,2025-02-09 06:00:00
V004,85.8043663320679,71.54400105206415,47.77624779790082,2025-02-09 07:00:00
V003,68.74089499300185,81.71630186305092,26.957512455355587,2025-02-09 08:00:00
V005,39.93759040959496,102.07127632366472,30.6679817033773,2025-02-09 09:00:00
V005,55.31989234388652,95.23122215901428,99.24005277984506,2025-02-09 10:00:00
V004,45.98274904401616,112.12119248535375,92.4408780987688,2025-02-09 11:00:00
V001,102.00213510123203,119.4898388071073,90.61790976551015,2025-02-09 12:00:00
V005,36.61427904975163,82.76376937327252,97.95249025125459,2025-02-09 13:00:00
V003,77.66099122534342,116.18902611058613,61.19307910170599,2025-02-09 14:00:00
V001,106.8694938298754,75.82607370220072,91.34709346766866,2025-02-09 15:00:00
V001,97.54459480291465,95.37353915757558,64.96918422540799,2025-02-09 16:00:00
V005,100.46975543878466,76.36185053040664,74.18998720304928,2025-02-09 17:00:00
V002,105.90016860709815,92.6985026378989,59.870927901937065,2025-02-09 18:00:00
V003,34.2415143000442,99.75030619820356,90.25841493617739,2025-02-09 19:00:00
V003,58.0147323557655,111.64932048076847,14.725384011195441,2025-02-09 20:00:00
V001,57.04905577414398,70.00717362359532,25.349563711402272,2025-02-09 21:00:00
V002,106.0145515544925,102.88457956134495,78.70648192547874,2025-02-09 22:00:00
V004,42.31825163983628,100.82011042126784,63.59624701364244,2025-02-09 23:00:00
V004,36.313796286777446,83.60296362816763,81.99256529137422,2025-02-10 00:00:00
V003,118.73196514657543,89.38558087204373,37.6813077129235,2025-02-10 01:00:00
V003,52.22818624362681,116.15774971947162,94.56884999528343,2025-02-10 02:00:00
V001,100.29885565510217,75.6232637395792,43.390965242178424,2025-02-10 03:00:00
V005,48.83849550157673,87.62101047520217,28.19942104469752,2025-02-10 04:00:00
V005,119.63249918192317,89.29624055894739,98.57929847670799,2025-02-10 05:00:00
V002,105.47635080680888,104.94129902464279,46.05347369457981,2025-02-10 06:00:00
V001,39.79369503170193,116.37491830862959,74.33063719187233,2025-02-10 07:00:00
V003,109.14608250729023,110.63216878319106,47.62304207913433,2025-02-10 08:00:00
V002,46.37191275935173,103.50048616497466,33.14829203980605,2025-02-10 09:00:00
V005,57.19760273557385,114.13782511519966,89.93634157663307,2025-02-10 10:00:00
V004,60.86567987256183,85.7359774444078,80.87517315016994,2025-02-10 11:00:00
V001,106.45877614711023,93.33980427701775,45.588244616223776,2025-02-10 12:00:00
V001,92.24887967975735,87.73824265364797,11.077413745067767,2025-02-10 13:00:00
V005,60.15517272003806,89.80017283011549,77.30614971826094,2025-02-10 14:00:00
V004,88.33076726310125,87.9491077929504,85.93918709694422,2025-02-10 15:00:00
V002,107.73600299791109,91.45320740218611,90.09304751588898,2025-02-10 16:00:00
V004,56.758886657738856,83.41790779607153,84.41675859981294,2025-02-10 17:00:00
V001,34.07538422128429,85.15951659142881,73.58116124550904,2025-02-10 18:00:00
V002,117.96256645606447,86.06518344479129,97.70395997106158,2025-02-10 19:00:00
V002,73.45291227901258,108.06917927832203,47.428027452563576,2025-02-10 20:00:00
V001,50.548429879903416,114.55343358585256,46.52984651320007,2025-02-10 21:00:00
V003,76.80922664835711,93.84988408008539,60.50487643824078,2025-02-10 22:00:00
V001,96.34553044831713,94.74030831631649,82.84754494374694,2025-02-10 23:00:00
V002,73.46156680347062,80.74369252956737,89.60720855860995,2025-02-11 00:00:00
V003,103.36803110568978,119.49582674916974,18.58577532887648,2025-02-11 01:00:00
V004,105.19916860993428,70.9694032409898,71.79615554832804,2025-02-11 02:00:00
V003,73.44225888979264,119.4479542814739,85.74457253912591,2025-02-11 03:00:00
V002,57.86292780540193,115.12818403151473,59.69606987057734,2025-02-11 04:00:00
V005,75.61915621718157,102.55929561898998,40.91462246120908,2025-02-11 05:00:00
V004,52.85378382237114,95.76486980433442,16.389039145171125,2025-02-11 06:00:00
V005,79.54866119261757,89.66063662323764,11.784081699081447,2025-02-11 07:00:00
V005,79.46507893514752,96.39131862777255,21.6290101912874,2025-02-11 08:00:00
V004,37.341178917051174,111.78421634450217,78.1264333173679,2025-02-11 09:00:00
V004,65.92450343910122,81.71460027587909,60.95810881942421,2025-02-11 10:00:00
V005,73.68607097393478,97.02524948201699,86.87453926176448,2025-02-11 11:00:00
V004,83.64695773868681,87.06834802337653,59.05959911489511,2025-02-11 12:00:00
V004,104.54995020363104,84.35034900578799,69.89376511805874,2025-02-11 13:00:00
V004,102.73015938998171,98.30071563942775,87.70844721421922,2025-02-11 14:00:00
V004,71.23768639130529,82.25503233104689,52.56432007433928,2025-02-11 15:00:00
